Workbook

Sheet 說明
A1: EPCEM 資料結構 — 康文署園藝／樹木保養合約（方案 B）
A3: 用途
A4: 此工作簿是 PWA 後端／Excel 匯出的欄位字典與示範數據。前線用手機提交，辦公室用本表或由系統匯出後對康文署「附相片工作報告」及月度表現評核。
A8: 項目 | B8: 內容
A9: 對象部門 | B9: 康樂及文化事務署（LCSD）外判園藝保養／樹木護理合約
A10: 合約常見工作 | B10: 灌溉、除草、修剪喬木／灌木、施肥、病蟲害、補種、巡查、颱風後清理、投訴跟進、OVT 特別護理
A11: 署方監察重點 | B11: 工作報告須附相片；定期／突擊巡查；每月表現評核；失責可扣月費
A12: 本系統價值 | B12: 把相片、GPS、時間、數量鎖在同一工單，方便對標書次數／數量，減少 WhatsApp 散相
A13: 工作表 | B13: 工種代碼｜場地｜隊伍｜工單示範｜每日進度｜表現指標｜匯出欄位
A17: 示範數據為虛構，僅供結構試用。正式使用請換成貴司合約編號、場地清單及隊伍。

Sheet 工種代碼
A1: 代碼 | B1: 中文名稱 | C1: 英文 | D1: 類別 | E1: 常用單位 | F1: 康文常見頻率／備註 | G1: 需前後相片 | H1: 需樹藝監督
A2: WAT | B2: 灌溉 | C2: Watering | D2: 日常保養 | E2: 次／場地 | F2: 視天氣；新栽最少每月 | G2: 否 | H2: 否
A3: WEED | B3: 除草／清雜草 | C3: Weeding / undergrowth | D3: 日常保養 | E3: m² 或 次 | F3: 園藝保養及清雜草合約常見計量 | G3: 是 | H3: 否
A4: PRN-S | B4: 灌木／地被修剪 | C4: Shrub / groundcover pruning | D4: 日常保養 | E4: m² 或 株 | F4: 每 1–2 個月按品種 | G4: 是 | H4: 否
A5: PRN-T | B5: 喬木修剪 | C5: Tree pruning | D5: 樹木工程 | E5: 株 | F5: 枯枝、阻路、過密樹冠；需適當資歷 | G5: 是 | H5: 是
A6: FERT | B6: 施肥 | C6: Fertilising | D6: 日常保養 | E6: 株 或 m² | F6: 按季節及品種 | G6: 否 | H6: 否
A7: PEST | B7: 病蟲害防治 | C7: Pest & disease control | D7: 日常保養 | E7: 株 或 m² | F7: 用藥須記錄藥劑及範圍 | G7: 是 | H7: 視乎情況
A8: INSP | B8: 例行巡查 | C8: Routine inspection | D8: 巡查 | E8: 場地／樹組 | F8: 一般喬木每年不少於 1 次 | G8: 是 | H8: 建議
A9: TRAM1 | B9: 樹組巡查 Form 1 | C9: Tree group inspection | D9: 風險評估 | E9: 組 | F9: 按 TRAM 周期，高人流車流 | G9: 是 | H9: 是
A10: TRAM2 | B10: 單株評估 Form 2 | C10: Individual TRA | D10: 風險評估 | E10: 株 | F10: 問題樹／緩減後覆查 | G10: 是 | H10: 是
A11: OVT | B11: 古樹名木護理 | C11: OVT special care | D11: 特別護理 | E11: 株 | F11: 每年詳細檢查不少於 2 次 | G11: 是 | H11: 是
A12: PLANT | B12: 補種／新種 | C12: Replacement / new planting | D12: 工程 | E12: 株 | F12: 枯死或生長欠佳更換 | G12: 是 | H12: 否
... A17: SAFE | B17: 安全檢查／開工前 | C17: Pre-work safety check | D17: 安全 | E17: 次 | F17: 高空、鏈鋸、交通管制 | G17: 否 | H17: 是

Sheet 場地
A1: 場地編號 | B1: 場地名稱 | C1: 區域 | D1: 類型 | E1: 康文分區辦事處 | F1: 約喬木數 | G1: 優先 | H1: 備註
A2: V-KT-01 | B2: 觀塘海濱花園 | C2: 九龍東 | D2: 公園 | E2: 觀塘 | F2: 180 | G2: 高 | H2: 人流高，週末優先巡查
A3: V-KT-02 | B3: 彩霞道遊樂場 | C3: 九龍東 | D3: 遊樂場 | E3: 觀塘 | F3: 45 | G3: 中
A4: V-WTS-01 | B4: 摩士公園 | C4: 九龍東 | D4: 公園 | E4: 黃大仙 | F4: 320 | G4: 高 | H4: 含較大喬木群
A5: V-SSP-01 | B5: 深水埗公園 | C5: 九龍西 | D5: 公園 | E5: 深水埗 | F5: 210 | G5: 高
A6: V-SSP-02 | B6: 深旺道路旁樹穴 | C6: 九龍西 | D6: 路旁 | E6: 深水埗 | F6: 86 | G6: 高 | H6: 行人路樹穴，每月基本保養
A7: V-CW-01 | B7: 維多利亞公園 | C7: 港島 | D7: 公園 | E7: 灣仔 | F7: 400 | G7: 高 | H7: 大型場地，需分區工單
A8: V-ST-01 | B8: 沙田公園 | C8: 新界東 | D8: 公園 | E8: 沙田 | F8: 250 | G8: 中
A9: V-TP-01 | B9: 大埔海濱公園 | C9: 新界東 | D9: 公園 | E9: 大埔 | F9: 190 | G9: 中
A10: V-TW-01 | B10: 荃灣公園 | C10: 新界西 | D10: 公園 | E10: 荃灣 | F10: 160 | G10: 中
A11: V-YL-01 | B11: 天水圍公園 | C11: 新界西 | D11: 公園 | E11: 元朗 | F11: 220 | G11: 中

Sheet 隊伍
A1: 員工編號 | B1: 姓名 | C1: 職能 | D1: 資歷備註 | E1: 隊伍 | F1: 預設區域 | G1: 可高空／鏈鋸 | H1: 狀態
A2: S001 | B2: 陳志強 | C2: 組長 | D2: Tree Work Supervisor 登記 | E2: A隊 | F2: 九龍東 | G2: 是 | H2: 在職
A3: S002 | B3: 李偉明 | C3: 攀樹／修剪 | D3: Tree Climber / Chainsaw | E3: A隊 | F3: 九龍東 | G3: 是 | H3: 在職
A4: S003 | B4: 黃麗娟 | C4: 園藝工 | D4: 日常保養 | E4: A隊 | F4: 九龍東 | G4: 否 | H4: 在職
A5: S004 | B5: 周家傑 | C5: 園藝工 | D5: 日常保養 | E5: A隊 | F5: 九龍東 | G5: 否 | H5: 在職
A6: S005 | B6: 張文傑 | C6: 組長 | D6: Tree Work Supervisor 登記 | E6: B隊 | F6: 九龍西 | G6: 是 | H6: 在職
A7: S006 | B7: 林志豪 | C7: 攀樹／修剪 | D7: Tree Climber | E7: B隊 | F7: 九龍西 | G7: 是 | H7: 在職
A8: S007 | B8: 吳美儀 | C8: 園藝工 | D8: 日常保養 | E8: B隊 | F8: 九龍西 | G8: 否 | H8: 在職
A9: S008 | B9: 鄭大文 | C9: 巡查助理 | D9: 可協助 Form 1 記錄 | E9: 巡查組 | F9: 跨區 | G9: 否 | H9: 在職

Sheet 工單示範
A1: 工單號 | B1: 日期 | C1: 場地編號 | D1: 場地 | E1: 工種 | F1: 目標數量 | G1: 單位 | H1: 指派隊伍 | I1: 限期 | J1: 狀態 | K1: 打卡時間 | L1: GPS | M1: 完工數量 | N1: 阻礙原因 | O1: 審核 | P1: 審核備註
A2: WO-260908-001 | B2: 46273 | C2: V-KT-01 | D2: 觀塘海濱花園 | E2: WEED | F2: 1200 | G2: m² | H2: A隊 | I2: 46273 | J2: 已審核 | K2: 08:12 | L2: 22.309,114.226 | M2: 1200 | O2: 通過
A3: WO-260908-002 | B3: 46273 | C3: V-KT-01 | D3: 觀塘海濱花園 | E3: PRN-T | F3: 12 | G3: 株 | H3: A隊 | I3: 46273 | J3: 已審核 | K3: 09:40 | L3: 22.310,114.225 | M3: 12 | O3: 通過
A4: WO-260908-003 | B4: 46273 | C4: V-SSP-02 | D4: 深旺道路旁樹穴 | E4: WAT | F4: 86 | G4: 株 | H4: B隊 | I4: 46273 | J4: 待審核 | K4: 10:05 | L4: 22.328,114.157 | M4: 86 | O4: 待審核
A5: WO-260908-004 | B5: 46273 | C5: V-SSP-01 | D5: 深水埗公園 | E5: COMP | F5: 1 | G5: 宗 | H5: B隊 | I5: 46273 | J5: 進行中 | K5: 11:20 | L5: 22.331,114.159 | N5: 需交通安排
A6: WO-260909-001 | B6: 46274 | C6: V-WTS-01 | D6: 摩士公園 | E6: INSP | F6: 1 | G6: 場地 | H6: 巡查組 | I6: 46274 | J6: 待開工
A7: WO-260909-002 | B7: 46274 | C7: V-CW-01 | D7: 維多利亞公園 | E7: PRN-S | F7: 800 | G7: m² | H7: A隊 | I7: 46274 | J7: 待開工
A8: WO-260909-003 | B8: 46274 | C8: V-ST-01 | D8: 沙田公園 | E8: FERT | F8: 60 | G8: 株 | H8: B隊 | I8: 46275 | J8: 待開工

Sheet 每日進度
A1: 日期 | B1: 隊伍 | C1: 工單總數 | D1: 已完成 | E1: 待審核 | F1: 進行中 | G1: 待開工 | H1: 完成率 | I1: 準時率
A2: 46273 | B2: A隊 | C2: =COUNTIFS(工單示範!$B:$B,$A2,工單示範!$H:$H,$B2) | D2: =COUNTIFS(工單示範!$B:$B,$A2,工單示範!$H:$H,$B2,工單示範!$J:$J,"已審核") | E2: =COUNTIFS(工單示範!$B:$B,$A2,工單示範!$H:$H,$B2,工單示範!$J:$J,"待審核") | F2: =COUNTIFS(工單示範!$B:$B,$A2,工單示範!$H:$H,$B2,工單示範!$J:$J,"進行中") | G2: =COUNTIFS(工單示範!$B:$B,$A2,工單示範!$H:$H,$B2,工單示範!$J:$J,"待開工") | H2: =IF(C2=0,"-",D2/C2) | I2: =IF(C2=0,"-",(D2+E2)/C2)
A3: 46273 | B3: B隊 | C3: =COUNTIFS(工單示範!$B:$B,$A3,工單示範!$H:$H,$B3) | D3: =COUNTIFS(工單示範!$B:$B,$A3,工單示範!$H:$H,$B3,工單示範!$J:$J,"已審核") | E3: =COUNTIFS(工單示範!$B:$B,$A3,工單示範!$H:$H,$B3,工單示範!$J:$J,"待審核") | F3: =COUNTIFS(工單示範!$B:$B,$A3,工單示範!$H:$H,$B3,工單示範!$J:$J,"進行中") | G3: =COUNTIFS(工單示範!$B:$B,$A3,工單示範!$H:$H,$B3,工單示範!$J:$J,"待開工") | H3: =IF(C3=0,"-",D3/C3) | I3: =IF(C3=0,"-",(D3+E3)/C3)
A4: 46274 | B4: A隊 | C4: =COUNTIFS(工單示範!$B:$B,$A4,工單示範!$H:$H,$B4) | D4: =COUNTIFS(工單示範!$B:$B,$A4,工單示範!$H:$H,$B4,工單示範!$J:$J,"已審核") | E4: =COUNTIFS(工單示範!$B:$B,$A4,工單示範!$H:$H,$B4,工單示範!$J:$J,"待審核") | F4: =COUNTIFS(工單示範!$B:$B,$A4,工單示範!$H:$H,$B4,工單示範!$J:$J,"進行中") | G4: =COUNTIFS(工單示範!$B:$B,$A4,工單示範!$H:$H,$B4,工單示範!$J:$J,"待開工") | H4: =IF(C4=0,"-",D4/C4) | I4: =IF(C4=0,"-",(D4+E4)/C4)
A5: 46274 | B5: B隊 | C5: =COUNTIFS(工單示範!$B:$B,$A5,工單示範!$H:$H,$B5) | D5: =COUNTIFS(工單示範!$B:$B,$A5,工單示範!$H:$H,$B5,工單示範!$J:$J,"已審核") | E5: =COUNTIFS(工單示範!$B:$B,$A5,工單示範!$H:$H,$B5,工單示範!$J:$J,"待審核") | F5: =COUNTIFS(工單示範!$B:$B,$A5,工單示範!$H:$H,$B5,工單示範!$J:$J,"進行中") | G5: =COUNTIFS(工單示範!$B:$B,$A5,工單示範!$H:$H,$B5,工單示範!$J:$J,"待開工") | H5: =IF(C5=0,"-",D5/C5) | I5: =IF(C5=0,"-",(D5+E5)/C5)

Sheet 表現指標
A1: 康文署合約表現對照（內部監察用）
A3: 指標 | B3: 計算 | C3: 目標（建議） | D3: 系統如何取數
A4: 準時完工率 | B4: 限期當日或之前狀態=已審核／待審核 | C4: ≥ 95% | D4: 工單.限期 vs 提交時間
A5: 相片齊全率 | B5: 須前後相工種，兩張皆有 | C5: 100%（署方要求附相片報告） | D5: 工單相片類型計數
A6: 被退回重做率 | B6: 審核=退回 / 已提交 | C6: ≤ 8% | D6: 審核狀態
A7: 投訴 48 小時現場視察率 | B7: COMP 工種，打卡時間-建立時間 | C7: ≥ 98% | D7: 工種=COMP
A8: 颱風後 24h 工單清冊 | B8: TYPH 建立後 24h 內全部有狀態 | C8: 100% | D8: 工種=TYPH
A9: OVT 按期巡查 | B9: OVT 工種對年度計劃 | C9: 每年 ≥ 2 次詳細檢查 | D9: 場地／樹編號週期
A10: 安全開工前檢查 | B10: 高風險工種提交前有 SAFE | C10: 100% | D10: 工種 PRN-T / RMV / TRANS
A11: GPS 打卡覆蓋 | B11: 有座標的已開工單 | C11: ≥ 90%（室內場地可豁免） | D11: 打卡 GPS 非空
A14: 與署方工具的關係
A15: 康文署場地管理人每月評核承辦商；失責可發勸諭、失責通知書及扣月費。本平台不取代署方系統，只令公司提交「附相片工作報告」時有完整時間、位置、前後對比，減少被指工作未完成或品質不符。

Sheet 匯出欄位
A1: 欄位 | B1: 必填 | C1: 來源 | D1: 匯出用途
A2: 工單號 | B2: 是 | C2: 系統流水 | D2: 對內追蹤
A3: 合約編號 | B3: 是 | C3: 行政設定 | D3: 對標書／月報
A4: 場地名稱及編號 | B4: 是 | C4: 場地表 | D4: 署方場地對帳
A5: 工作日期 | B5: 是 | C5: 工單 | D5: 月報
A6: 工種代碼及名稱 | B6: 是 | C6: 工種表 | D6: 數量分項
A7: 目標／實際數量及單位 | B7: 是 | C7: 工單＋完工 | D7: 計量及扣減爭議
A8: 隊伍／人員 | B8: 是 | C8: 隊伍表 | D8: 人手比例、表現
A9: 打卡時間及 GPS | B9: 是（外勤） | C9: 手機 | D9: 證明到場
A10: 施工前相片 | B10: 視工種 | C10: 手機 | D10: 署方工作報告
A11: 施工後相片 | B11: 視工種 | C11: 手機 | D11: 署方工作報告
A12: 阻礙／天氣原因 | B12: 否 | C12: 完工表 | D12: 解釋延誤，減失責風險
... A14: 裝置型號／提交來源 | B14: 否 | C14: 系統 | D14: 防爭議審計
